step,episode,ret,len,true_success,classifier_success,interv_frac
46,0,1.0,46,1.0,1.0,0.8695652173913043
114,1,1.0,68,1.0,1.0,0.6617647058823529
167,2,1.0,53,1.0,1.0,0.7169811320754716
227,3,1.0,60,1.0,1.0,0.8
288,4,1.0,61,1.0,1.0,0.7377049180327869
363,5,1.0,75,1.0,1.0,0.6266666666666667
422,6,1.0,59,1.0,1.0,0.7796610169491526
470,7,1.0,48,1.0,1.0,0.7916666666666666
556,8,1.0,86,1.0,1.0,0.5116279069767442
600,9,1.0,44,1.0,1.0,0.7045454545454546
656,10,1.0,56,1.0,1.0,0.6607142857142857
694,11,1.0,38,1.0,1.0,0.8421052631578947
752,12,1.0,58,1.0,1.0,0.6379310344827587
805,13,1.0,53,1.0,1.0,0.6792452830188679
851,14,1.0,46,1.0,1.0,0.6956521739130435
912,15,1.0,61,1.0,1.0,0.6557377049180327
967,16,1.0,55,1.0,1.0,0.6909090909090909
1022,17,1.0,55,1.0,1.0,0.6363636363636364
1068,18,1.0,46,1.0,1.0,0.6739130434782609
1129,19,1.0,61,1.0,1.0,0.5901639344262295
1175,20,1.0,46,1.0,1.0,0.717391304347826
1230,21,1.0,55,1.0,1.0,0.6363636363636364
1281,22,1.0,51,1.0,1.0,0.6274509803921569
1330,23,1.0,49,1.0,1.0,0.7142857142857143
1369,24,1.0,39,1.0,1.0,0.8205128205128205
1439,25,1.0,70,1.0,1.0,0.5428571428571428
1493,26,1.0,54,1.0,1.0,0.6481481481481481
1560,27,1.0,67,1.0,1.0,0.6119402985074627
1619,28,1.0,59,1.0,1.0,0.6610169491525424
1688,29,1.0,69,0.0,1.0,0.4782608695652174
1764,30,1.0,76,0.0,1.0,0.4342105263157895
1807,31,1.0,43,0.0,1.0,0.5813953488372093
1869,32,1.0,62,1.0,1.0,0.3709677419354839
1913,33,1.0,44,1.0,1.0,0.6590909090909091
1973,34,1.0,60,1.0,1.0,0.5
2037,35,1.0,64,1.0,1.0,0.609375
2117,36,1.0,80,1.0,1.0,0.5375
2237,37,0.0,120,0.0,0.0,0.35833333333333334
2289,38,1.0,52,0.0,1.0,0.6346153846153846
2409,39,0.0,120,0.0,0.0,0.4
2475,40,1.0,66,0.0,1.0,0.48484848484848486
2536,41,1.0,61,1.0,1.0,0.5573770491803278
2608,42,1.0,72,1.0,1.0,0.375
2657,43,1.0,49,1.0,1.0,0.3673469387755102
2777,44,0.0,120,0.0,0.0,0.4166666666666667
2836,45,1.0,59,0.0,1.0,0.4067796610169492
2895,46,1.0,59,1.0,1.0,0.5254237288135594
2979,47,1.0,84,1.0,1.0,0.36904761904761907
3015,48,1.0,36,1.0,1.0,0.5555555555555556
3059,49,1.0,44,1.0,1.0,0.5
3109,50,1.0,50,1.0,1.0,0.58
3229,51,0.0,120,0.0,0.0,0.35
3283,52,1.0,54,0.0,1.0,0.46296296296296297
3345,53,1.0,62,1.0,1.0,0.4032258064516129
3392,54,1.0,47,1.0,1.0,0.48936170212765956
3475,55,1.0,83,0.0,1.0,0.3373493975903614
3595,56,0.0,120,0.0,0.0,0.31666666666666665
3669,57,1.0,74,1.0,1.0,0.32432432432432434
3789,58,0.0,120,0.0,0.0,0.3333333333333333
3909,59,0.0,120,0.0,0.0,0.38333333333333336
3980,60,1.0,71,1.0,1.0,0.29577464788732394
4064,61,1.0,84,1.0,1.0,0.4523809523809524
4184,62,0.0,120,0.0,0.0,0.26666666666666666
4280,63,1.0,96,1.0,1.0,0.3229166666666667
4400,64,0.0,120,0.0,0.0,0.30833333333333335
4501,65,1.0,101,1.0,1.0,0.39603960396039606
4583,66,1.0,82,1.0,1.0,0.1951219512195122
4703,67,0.0,120,0.0,0.0,0.13333333333333333
4803,68,1.0,100,1.0,1.0,0.21
4892,69,1.0,89,1.0,1.0,0.3595505617977528
5012,70,0.0,120,0.0,0.0,0.26666666666666666
5132,71,0.0,120,0.0,0.0,0.13333333333333333
5252,72,0.0,120,0.0,0.0,0.06666666666666667
5356,73,1.0,104,1.0,1.0,0.3076923076923077
5436,74,1.0,80,1.0,1.0,0.2
5513,75,1.0,77,1.0,1.0,0.15584415584415584
5633,76,0.0,120,0.0,0.0,0.0
5752,77,1.0,119,1.0,1.0,0.47058823529411764
5807,78,1.0,55,1.0,1.0,0.4
5927,79,0.0,120,0.0,0.0,0.13333333333333333
5984,80,1.0,57,1.0,1.0,0.3508771929824561
6060,81,1.0,76,1.0,1.0,0.10526315789473684
6121,82,1.0,61,1.0,1.0,0.13114754098360656
6220,83,1.0,99,1.0,1.0,0.15151515151515152
6284,84,1.0,64,1.0,1.0,0.28125
6370,85,1.0,86,1.0,1.0,0.23255813953488372
6443,86,1.0,73,1.0,1.0,0.2191780821917808
6563,87,0.0,120,0.0,0.0,0.26666666666666666
6656,88,1.0,93,1.0,1.0,0.1935483870967742
6700,89,1.0,44,0.0,1.0,0.18181818181818182
6736,90,1.0,36,1.0,1.0,0.3333333333333333
6824,91,1.0,88,1.0,1.0,0.2727272727272727
6878,92,1.0,54,1.0,1.0,0.14814814814814814
6959,93,1.0,81,1.0,1.0,0.14814814814814814
6997,94,1.0,38,1.0,1.0,0.5
7048,95,1.0,51,1.0,1.0,0.1568627450980392
7089,96,1.0,41,1.0,1.0,0.3902439024390244
7209,97,0.0,120,0.0,0.0,0.13333333333333333
7250,98,1.0,41,1.0,1.0,0.1951219512195122
7370,99,0.0,120,0.0,0.0,0.13333333333333333
7470,100,1.0,100,1.0,1.0,0.24
7538,101,1.0,68,1.0,1.0,0.19117647058823528
7577,102,1.0,39,1.0,1.0,0.41025641025641024
7679,103,1.0,102,1.0,1.0,0.1568627450980392
7799,104,0.0,120,0.0,0.0,0.4
7858,105,1.0,59,1.0,1.0,0.4067796610169492
7901,106,1.0,43,1.0,1.0,0.27906976744186046
8021,107,0.0,120,0.0,0.0,0.2
8079,108,1.0,58,1.0,1.0,0.13793103448275862
8199,109,0.0,120,0.0,0.0,0.26666666666666666
8261,110,1.0,62,1.0,1.0,0.25806451612903225
8340,111,1.0,79,1.0,1.0,0.189873417721519
8391,112,1.0,51,1.0,1.0,0.3333333333333333
8471,113,1.0,80,1.0,1.0,0.3
8576,114,1.0,105,1.0,1.0,0.1523809523809524
8643,115,1.0,67,1.0,1.0,0.3283582089552239
8736,116,1.0,93,1.0,1.0,0.17204301075268819
8834,117,1.0,98,1.0,1.0,0.0
8896,118,1.0,62,1.0,1.0,0.3870967741935484
8949,119,1.0,53,1.0,1.0,0.2830188679245283
9069,120,0.0,120,0.0,0.0,0.26666666666666666
9147,121,1.0,78,1.0,1.0,0.20512820512820512
9228,122,1.0,81,1.0,1.0,0.09876543209876543
9284,123,1.0,56,1.0,1.0,0.14285714285714285
9317,124,1.0,33,1.0,1.0,0.48484848484848486
9387,125,1.0,70,1.0,1.0,0.0
9437,126,1.0,50,1.0,1.0,0.16
9554,127,1.0,117,1.0,1.0,0.06837606837606838
9625,128,1.0,71,1.0,1.0,0.11267605633802817
9688,129,1.0,63,1.0,1.0,0.0
9725,130,1.0,37,1.0,1.0,0.43243243243243246
9766,131,1.0,41,1.0,1.0,0.2682926829268293
9814,132,1.0,48,1.0,1.0,0.125
9864,133,1.0,50,1.0,1.0,0.32
9907,134,1.0,43,1.0,1.0,0.18604651162790697
9965,135,1.0,58,1.0,1.0,0.08620689655172414
10019,136,1.0,54,1.0,1.0,0.14814814814814814
10088,137,1.0,69,0.0,1.0,0.0
10155,138,1.0,67,1.0,1.0,0.11940298507462686
10201,139,1.0,46,1.0,1.0,0.17391304347826086
10250,140,1.0,49,1.0,1.0,0.0
10296,141,1.0,46,1.0,1.0,0.0
10336,142,1.0,40,1.0,1.0,0.275
10390,143,1.0,54,1.0,1.0,0.037037037037037035
10456,144,1.0,66,1.0,1.0,0.0
10506,145,1.0,50,1.0,1.0,0.02
10549,146,1.0,43,1.0,1.0,0.0
10585,147,1.0,36,1.0,1.0,0.2222222222222222
10628,148,1.0,43,1.0,1.0,0.2558139534883721
10662,149,1.0,34,1.0,1.0,0.47058823529411764
10706,150,1.0,44,1.0,1.0,0.045454545454545456
10745,151,1.0,39,1.0,1.0,0.2564102564102564
10788,152,1.0,43,1.0,1.0,0.0
10832,153,1.0,44,0.0,1.0,0.20454545454545456
10870,154,1.0,38,1.0,1.0,0.07894736842105263
10906,155,1.0,36,1.0,1.0,0.0
10940,156,1.0,34,1.0,1.0,0.0
10980,157,1.0,40,0.0,1.0,0.0
11019,158,1.0,39,1.0,1.0,0.10256410256410256
11054,159,1.0,35,1.0,1.0,0.22857142857142856
11089,160,1.0,35,1.0,1.0,0.0
11126,161,1.0,37,1.0,1.0,0.0
11168,162,1.0,42,1.0,1.0,0.19047619047619047
11203,163,1.0,35,1.0,1.0,0.0
11234,164,1.0,31,1.0,1.0,0.0
11271,165,1.0,37,1.0,1.0,0.0
11303,166,1.0,32,1.0,1.0,0.3125
11336,167,1.0,33,1.0,1.0,0.0
11373,168,1.0,37,1.0,1.0,0.0
11410,169,1.0,37,0.0,1.0,0.21621621621621623
11454,170,1.0,44,1.0,1.0,0.0
11493,171,1.0,39,1.0,1.0,0.05128205128205128
11525,172,1.0,32,1.0,1.0,0.0
11568,173,1.0,43,1.0,1.0,0.16279069767441862
11608,174,1.0,40,1.0,1.0,0.375
11641,175,1.0,33,1.0,1.0,0.45454545454545453
11679,176,1.0,38,1.0,1.0,0.02631578947368421
11715,177,1.0,36,1.0,1.0,0.25
11758,178,1.0,43,1.0,1.0,0.0
11827,179,1.0,69,1.0,1.0,0.21739130434782608
11863,180,1.0,36,1.0,1.0,0.0
11894,181,1.0,31,1.0,1.0,0.25806451612903225
11926,182,1.0,32,1.0,1.0,0.25
11974,183,1.0,48,1.0,1.0,0.0
12017,184,1.0,43,1.0,1.0,0.0
12051,185,1.0,34,1.0,1.0,0.4411764705882353
12089,186,1.0,38,1.0,1.0,0.23684210526315788
12128,187,1.0,39,1.0,1.0,0.20512820512820512
12164,188,1.0,36,1.0,1.0,0.0
12207,189,1.0,43,1.0,1.0,0.3953488372093023
12253,190,1.0,46,1.0,1.0,0.1956521739130435
12295,191,1.0,42,1.0,1.0,0.023809523809523808
12327,192,1.0,32,1.0,1.0,0.0
12358,193,1.0,31,1.0,1.0,0.0
12388,194,1.0,30,1.0,1.0,0.26666666666666666
12428,195,1.0,40,1.0,1.0,0.0
12467,196,1.0,39,1.0,1.0,0.20512820512820512
12503,197,1.0,36,1.0,1.0,0.0
12539,198,1.0,36,0.0,1.0,0.0
12582,199,1.0,43,1.0,1.0,0.046511627906976744
12617,200,1.0,35,1.0,1.0,0.2571428571428571
12662,201,1.0,45,1.0,1.0,0.24444444444444444
12723,202,1.0,61,1.0,1.0,0.13114754098360656
12756,203,1.0,33,1.0,1.0,0.0
12786,204,1.0,30,1.0,1.0,0.0
12821,205,1.0,35,1.0,1.0,0.22857142857142856
12853,206,1.0,32,1.0,1.0,0.5
12921,207,1.0,68,1.0,1.0,0.11764705882352941
12959,208,1.0,38,1.0,1.0,0.0
12989,209,1.0,30,1.0,1.0,0.26666666666666666
13028,210,1.0,39,1.0,1.0,0.20512820512820512
13064,211,1.0,36,1.0,1.0,0.0
13096,212,1.0,32,1.0,1.0,0.0
13127,213,1.0,31,1.0,1.0,0.0
13160,214,1.0,33,1.0,1.0,0.0
13195,215,1.0,35,1.0,1.0,0.22857142857142856
13237,216,1.0,42,1.0,1.0,0.0
13284,217,1.0,47,1.0,1.0,0.0
13317,218,1.0,33,1.0,1.0,0.48484848484848486
13368,219,1.0,51,1.0,1.0,0.0
13401,220,1.0,33,1.0,1.0,0.0
13443,221,1.0,42,1.0,1.0,0.0
13474,222,1.0,31,1.0,1.0,0.25806451612903225
13504,223,1.0,30,1.0,1.0,0.0
13546,224,1.0,42,0.0,1.0,0.19047619047619047
13580,225,1.0,34,1.0,1.0,0.0
13622,226,1.0,42,1.0,1.0,0.19047619047619047
13661,227,1.0,39,1.0,1.0,0.15384615384615385
13690,228,1.0,29,1.0,1.0,0.4482758620689655
13719,229,1.0,29,1.0,1.0,0.5517241379310345
13758,230,1.0,39,1.0,1.0,0.0
13794,231,1.0,36,1.0,1.0,0.2222222222222222
13826,232,1.0,32,1.0,1.0,0.3125
13859,233,1.0,33,1.0,1.0,0.24242424242424243
13889,234,1.0,30,1.0,1.0,0.0
13926,235,1.0,37,1.0,1.0,0.13513513513513514
13957,236,1.0,31,1.0,1.0,0.25806451612903225
13989,237,1.0,32,1.0,1.0,0.0
14021,238,1.0,32,1.0,1.0,0.0
14059,239,1.0,38,1.0,1.0,0.05263157894736842
14098,240,1.0,39,1.0,1.0,0.10256410256410256
14132,241,1.0,34,1.0,1.0,0.23529411764705882
14164,242,1.0,32,1.0,1.0,0.4375
14205,243,1.0,41,1.0,1.0,0.0
14238,244,1.0,33,1.0,1.0,0.0
14268,245,1.0,30,1.0,1.0,0.0
14302,246,1.0,34,1.0,1.0,0.0
14338,247,1.0,36,1.0,1.0,0.0
14370,248,1.0,32,1.0,1.0,0.0
14405,249,1.0,35,1.0,1.0,0.22857142857142856
14440,250,1.0,35,1.0,1.0,0.22857142857142856
14477,251,1.0,37,1.0,1.0,0.0
14512,252,1.0,35,1.0,1.0,0.0
14545,253,1.0,33,1.0,1.0,0.0
14580,254,1.0,35,1.0,1.0,0.0
14621,255,1.0,41,1.0,1.0,0.1951219512195122
14716,256,1.0,95,1.0,1.0,0.25263157894736843
14747,257,1.0,31,1.0,1.0,0.0967741935483871
14775,258,1.0,28,1.0,1.0,0.0
14805,259,1.0,30,1.0,1.0,0.1
14835,260,1.0,30,1.0,1.0,0.36666666666666664
14866,261,1.0,31,1.0,1.0,0.0
14904,262,1.0,38,1.0,1.0,0.07894736842105263
14934,263,1.0,30,1.0,1.0,0.4
14970,264,1.0,36,1.0,1.0,0.2222222222222222
15015,265,1.0,45,1.0,1.0,0.0
15046,266,1.0,31,1.0,1.0,0.0
15088,267,1.0,42,1.0,1.0,0.19047619047619047
15122,268,1.0,34,1.0,1.0,0.0
15153,269,1.0,31,1.0,1.0,0.03225806451612903
15188,270,1.0,35,1.0,1.0,0.22857142857142856
15219,271,1.0,31,1.0,1.0,0.0
15258,272,1.0,39,1.0,1.0,0.20512820512820512
15296,273,1.0,38,1.0,1.0,0.0
15333,274,1.0,37,1.0,1.0,0.21621621621621623
15365,275,1.0,32,1.0,1.0,0.28125
15398,276,1.0,33,1.0,1.0,0.24242424242424243
15430,277,1.0,32,1.0,1.0,0.25
15461,278,1.0,31,1.0,1.0,0.0
15490,279,1.0,29,1.0,1.0,0.27586206896551724
15520,280,1.0,30,1.0,1.0,0.5333333333333333
15549,281,1.0,29,1.0,1.0,0.27586206896551724
15583,282,1.0,34,1.0,1.0,0.0
15616,283,1.0,33,1.0,1.0,0.0
15651,284,1.0,35,1.0,1.0,0.0
15680,285,1.0,29,1.0,1.0,0.0
15711,286,1.0,31,1.0,1.0,0.0
15740,287,1.0,29,1.0,1.0,0.0
15776,288,1.0,36,1.0,1.0,0.0
15806,289,1.0,30,1.0,1.0,0.26666666666666666
15851,290,1.0,45,1.0,1.0,0.0
15883,291,1.0,32,1.0,1.0,0.25
15911,292,1.0,28,1.0,1.0,0.2857142857142857
15942,293,1.0,31,1.0,1.0,0.4838709677419355
15971,294,1.0,29,1.0,1.0,0.27586206896551724
16013,295,1.0,42,1.0,1.0,0.0
16046,296,1.0,33,1.0,1.0,0.24242424242424243
16083,297,1.0,37,1.0,1.0,0.21621621621621623
16114,298,1.0,31,1.0,1.0,0.25806451612903225
16146,299,1.0,32,1.0,1.0,0.0
16187,300,1.0,41,1.0,1.0,0.0
16229,301,1.0,42,1.0,1.0,0.0
16263,302,1.0,34,1.0,1.0,0.0
16304,303,1.0,41,1.0,1.0,0.0
16345,304,1.0,41,1.0,1.0,0.0
16377,305,1.0,32,1.0,1.0,0.0
16418,306,1.0,41,1.0,1.0,0.3902439024390244
16451,307,1.0,33,1.0,1.0,0.0
16480,308,1.0,29,1.0,1.0,0.27586206896551724
16509,309,1.0,29,0.0,1.0,0.27586206896551724
16537,310,1.0,28,1.0,1.0,0.0
16566,311,1.0,29,1.0,1.0,0.2413793103448276
16593,312,1.0,27,1.0,1.0,0.2962962962962963
16623,313,1.0,30,1.0,1.0,0.0
16655,314,1.0,32,1.0,1.0,0.0625
16694,315,1.0,39,1.0,1.0,0.05128205128205128
16724,316,1.0,30,1.0,1.0,0.0
16755,317,1.0,31,1.0,1.0,0.0
16783,318,1.0,28,1.0,1.0,0.2857142857142857
16814,319,1.0,31,1.0,1.0,0.0
16844,320,1.0,30,1.0,1.0,0.0
16892,321,1.0,48,1.0,1.0,0.3333333333333333
16926,322,1.0,34,1.0,1.0,0.23529411764705882
16972,323,1.0,46,1.0,1.0,0.0
17007,324,1.0,35,1.0,1.0,0.45714285714285713
17038,325,1.0,31,1.0,1.0,0.22580645161290322
17069,326,1.0,31,1.0,1.0,0.0
17101,327,1.0,32,1.0,1.0,0.25
17132,328,1.0,31,1.0,1.0,0.25806451612903225
17163,329,1.0,31,1.0,1.0,0.0
17197,330,1.0,34,1.0,1.0,0.0
17226,331,1.0,29,1.0,1.0,0.0
17271,332,1.0,45,1.0,1.0,0.0
17301,333,1.0,30,1.0,1.0,0.0
17340,334,1.0,39,1.0,1.0,0.20512820512820512
17375,335,1.0,35,1.0,1.0,0.45714285714285713
17403,336,1.0,28,1.0,1.0,0.2857142857142857
17438,337,1.0,35,1.0,1.0,0.22857142857142856
17468,338,1.0,30,1.0,1.0,0.4666666666666667
17502,339,1.0,34,1.0,1.0,0.0
17538,340,1.0,36,1.0,1.0,0.0
17570,341,1.0,32,1.0,1.0,0.0
17610,342,1.0,40,1.0,1.0,0.0
17649,343,1.0,39,1.0,1.0,0.0
17681,344,1.0,32,1.0,1.0,0.0
17716,345,1.0,35,1.0,1.0,0.0
17752,346,1.0,36,1.0,1.0,0.0
17796,347,1.0,44,1.0,1.0,0.18181818181818182
17826,348,1.0,30,1.0,1.0,0.0
17857,349,1.0,31,1.0,1.0,0.25806451612903225
17886,350,1.0,29,1.0,1.0,0.27586206896551724
17914,351,1.0,28,1.0,1.0,0.2857142857142857
17945,352,1.0,31,1.0,1.0,0.25806451612903225
17979,353,1.0,34,1.0,1.0,0.23529411764705882
18018,354,1.0,39,1.0,1.0,0.0
18048,355,1.0,30,1.0,1.0,0.0
18081,356,1.0,33,1.0,1.0,0.24242424242424243
18113,357,1.0,32,1.0,1.0,0.5
18141,358,1.0,28,1.0,1.0,0.2857142857142857
18170,359,1.0,29,1.0,1.0,0.27586206896551724
18199,360,1.0,29,1.0,1.0,0.27586206896551724
18229,361,1.0,30,1.0,1.0,0.0
18258,362,1.0,29,1.0,1.0,0.27586206896551724
18296,363,1.0,38,1.0,1.0,0.18421052631578946
18326,364,1.0,30,1.0,1.0,0.23333333333333334
18355,365,1.0,29,1.0,1.0,0.27586206896551724
18386,366,1.0,31,1.0,1.0,0.25806451612903225
18428,367,1.0,42,1.0,1.0,0.19047619047619047
18457,368,1.0,29,1.0,1.0,0.27586206896551724
18496,369,1.0,39,1.0,1.0,0.20512820512820512
18526,370,1.0,30,1.0,1.0,0.0
18556,371,1.0,30,1.0,1.0,0.0
18591,372,1.0,35,1.0,1.0,0.22857142857142856
18626,373,1.0,35,1.0,1.0,0.0
18660,374,1.0,34,1.0,1.0,0.23529411764705882
18693,375,1.0,33,1.0,1.0,0.24242424242424243
18722,376,1.0,29,1.0,1.0,0.0
18755,377,1.0,33,1.0,1.0,0.0
18786,378,1.0,31,1.0,1.0,0.5161290322580645
18813,379,1.0,27,0.0,1.0,0.0
18847,380,1.0,34,1.0,1.0,0.0
18877,381,1.0,30,1.0,1.0,0.0
18912,382,1.0,35,1.0,1.0,0.0
18953,383,1.0,41,1.0,1.0,0.1951219512195122
18984,384,1.0,31,1.0,1.0,0.1935483870967742
19014,385,1.0,30,1.0,1.0,0.0
19043,386,1.0,29,1.0,1.0,0.0
19084,387,1.0,41,1.0,1.0,0.21951219512195122
19112,388,1.0,28,1.0,1.0,0.2857142857142857
19147,389,1.0,35,1.0,1.0,0.0
19187,390,1.0,40,1.0,1.0,0.05
19219,391,1.0,32,1.0,1.0,0.25
19248,392,1.0,29,1.0,1.0,0.0
19283,393,1.0,35,1.0,1.0,0.22857142857142856
19403,394,0.0,120,0.0,0.0,0.06666666666666667
19440,395,1.0,37,1.0,1.0,0.2972972972972973
19477,396,1.0,37,1.0,1.0,0.0
19508,397,1.0,31,1.0,1.0,0.25806451612903225
19543,398,1.0,35,1.0,1.0,0.22857142857142856
19576,399,1.0,33,1.0,1.0,0.0
19604,400,1.0,28,1.0,1.0,0.2857142857142857
19637,401,1.0,33,1.0,1.0,0.24242424242424243
19669,402,1.0,32,1.0,1.0,0.0
19697,403,1.0,28,1.0,1.0,0.2857142857142857
19728,404,1.0,31,1.0,1.0,0.0
19759,405,1.0,31,1.0,1.0,0.25806451612903225
19792,406,1.0,33,1.0,1.0,0.24242424242424243
19821,407,1.0,29,1.0,1.0,0.0
19855,408,1.0,34,1.0,1.0,0.23529411764705882
19883,409,1.0,28,1.0,1.0,0.0
19915,410,1.0,32,1.0,1.0,0.0
19954,411,1.0,39,1.0,1.0,0.0
19985,412,1.0,31,1.0,1.0,0.25806451612903225
20015,413,1.0,30,1.0,1.0,0.26666666666666666
20045,414,1.0,30,1.0,1.0,0.0
20080,415,1.0,35,1.0,1.0,0.0
20118,416,1.0,38,1.0,1.0,0.21052631578947367
20152,417,1.0,34,1.0,1.0,0.23529411764705882
20184,418,1.0,32,1.0,1.0,0.25
20219,419,1.0,35,1.0,1.0,0.0
20250,420,1.0,31,1.0,1.0,0.0
20282,421,1.0,32,1.0,1.0,0.0
20320,422,1.0,38,1.0,1.0,0.21052631578947367
20350,423,1.0,30,1.0,1.0,0.0
20379,424,1.0,29,1.0,1.0,0.0
20415,425,1.0,36,1.0,1.0,0.2222222222222222
20448,426,1.0,33,1.0,1.0,0.24242424242424243
20485,427,1.0,37,1.0,1.0,0.21621621621621623
20515,428,1.0,30,1.0,1.0,0.0
20546,429,1.0,31,1.0,1.0,0.0
20574,430,1.0,28,1.0,1.0,0.2857142857142857
20605,431,1.0,31,1.0,1.0,0.25806451612903225
20637,432,1.0,32,1.0,1.0,0.25
20666,433,1.0,29,1.0,1.0,0.27586206896551724
20697,434,1.0,31,1.0,1.0,0.0
20725,435,1.0,28,1.0,1.0,0.0
20754,436,1.0,29,1.0,1.0,0.27586206896551724
20790,437,1.0,36,1.0,1.0,0.4444444444444444
20821,438,1.0,31,1.0,1.0,0.25806451612903225
20851,439,1.0,30,1.0,1.0,0.03333333333333333
20882,440,1.0,31,1.0,1.0,0.25806451612903225
20911,441,1.0,29,1.0,1.0,0.3448275862068966
20941,442,1.0,30,1.0,1.0,0.0
20974,443,1.0,33,1.0,1.0,0.24242424242424243
21003,444,1.0,29,1.0,1.0,0.0
21032,445,1.0,29,1.0,1.0,0.2413793103448276
21064,446,1.0,32,1.0,1.0,0.25
21101,447,1.0,37,1.0,1.0,0.0
21133,448,1.0,32,1.0,1.0,0.25
21164,449,1.0,31,1.0,1.0,0.0
21199,450,1.0,35,1.0,1.0,0.17142857142857143
21237,451,1.0,38,1.0,1.0,0.21052631578947367
21270,452,1.0,33,1.0,1.0,0.0
21297,453,1.0,27,0.0,1.0,0.0
21328,454,1.0,31,1.0,1.0,0.5161290322580645
21357,455,1.0,29,1.0,1.0,0.0
21391,456,1.0,34,1.0,1.0,0.23529411764705882
21425,457,1.0,34,1.0,1.0,0.23529411764705882
21463,458,1.0,38,1.0,1.0,0.0
21494,459,1.0,31,1.0,1.0,0.25806451612903225
21526,460,1.0,32,1.0,1.0,0.0
21554,461,1.0,28,1.0,1.0,0.5357142857142857
21586,462,1.0,32,1.0,1.0,0.25
21614,463,1.0,28,1.0,1.0,0.2857142857142857
21646,464,1.0,32,1.0,1.0,0.0
21679,465,1.0,33,1.0,1.0,0.24242424242424243
21713,466,1.0,34,1.0,1.0,0.0
21758,467,1.0,45,1.0,1.0,0.08888888888888889
21789,468,1.0,31,1.0,1.0,0.0
21822,469,1.0,33,1.0,1.0,0.30303030303030304
21856,470,1.0,34,1.0,1.0,0.3235294117647059
21888,471,1.0,32,1.0,1.0,0.28125
21918,472,1.0,30,1.0,1.0,0.26666666666666666
21952,473,1.0,34,1.0,1.0,0.0
21983,474,1.0,31,1.0,1.0,0.25806451612903225
22012,475,1.0,29,1.0,1.0,0.0
22046,476,1.0,34,1.0,1.0,0.4411764705882353
22079,477,1.0,33,1.0,1.0,0.24242424242424243
22117,478,1.0,38,1.0,1.0,0.21052631578947367
22147,479,1.0,30,1.0,1.0,0.0
22181,480,1.0,34,1.0,1.0,0.0
22210,481,1.0,29,1.0,1.0,0.27586206896551724
22238,482,1.0,28,1.0,1.0,0.5714285714285714
22278,483,1.0,40,1.0,1.0,0.0
22310,484,1.0,32,1.0,1.0,0.25
22349,485,1.0,39,1.0,1.0,0.0
22382,486,1.0,33,1.0,1.0,0.24242424242424243
22412,487,1.0,30,0.0,1.0,0.0
22448,488,1.0,36,1.0,1.0,0.2222222222222222
22479,489,1.0,31,1.0,1.0,0.0
22511,490,1.0,32,1.0,1.0,0.0
22543,491,1.0,32,1.0,1.0,0.4375
22577,492,1.0,34,1.0,1.0,0.0
22608,493,1.0,31,1.0,1.0,0.0
22637,494,1.0,29,1.0,1.0,0.0
22674,495,1.0,37,0.0,1.0,0.21621621621621623
22704,496,1.0,30,1.0,1.0,0.0
22733,497,1.0,29,1.0,1.0,0.27586206896551724
22766,498,1.0,33,1.0,1.0,0.0
22801,499,1.0,35,1.0,1.0,0.22857142857142856
22837,500,1.0,36,1.0,1.0,0.2222222222222222
22868,501,1.0,31,1.0,1.0,0.25806451612903225
22897,502,1.0,29,1.0,1.0,0.0
22929,503,1.0,32,1.0,1.0,0.0
22960,504,1.0,31,1.0,1.0,0.0
22994,505,1.0,34,1.0,1.0,0.0
23024,506,1.0,30,1.0,1.0,0.26666666666666666
23061,507,1.0,37,1.0,1.0,0.43243243243243246
23091,508,1.0,30,1.0,1.0,0.0
23123,509,1.0,32,1.0,1.0,0.0
23153,510,1.0,30,1.0,1.0,0.26666666666666666
23193,511,1.0,40,1.0,1.0,0.0
23233,512,1.0,40,1.0,1.0,0.0
23263,513,1.0,30,1.0,1.0,0.2
23293,514,1.0,30,1.0,1.0,0.0
23323,515,1.0,30,1.0,1.0,0.0
23353,516,1.0,30,1.0,1.0,0.26666666666666666
23383,517,1.0,30,1.0,1.0,0.0
23412,518,1.0,29,1.0,1.0,0.3448275862068966
23444,519,1.0,32,1.0,1.0,0.0
23476,520,1.0,32,1.0,1.0,0.0625
23515,521,1.0,39,1.0,1.0,0.0
23552,522,1.0,37,1.0,1.0,0.43243243243243246
23583,523,1.0,31,1.0,1.0,0.0
23611,524,1.0,28,1.0,1.0,0.0
23641,525,1.0,30,0.0,1.0,0.0
23673,526,1.0,32,1.0,1.0,0.09375
23710,527,1.0,37,1.0,1.0,0.21621621621621623
23743,528,1.0,33,1.0,1.0,0.24242424242424243
23774,529,1.0,31,0.0,1.0,0.0
23802,530,1.0,28,1.0,1.0,0.0
23845,531,1.0,43,1.0,1.0,0.0
23874,532,1.0,29,1.0,1.0,0.0
23902,533,1.0,28,1.0,1.0,0.2857142857142857
23935,534,1.0,33,1.0,1.0,0.0
23966,535,1.0,31,1.0,1.0,0.4838709677419355
23998,536,1.0,32,1.0,1.0,0.25
24027,537,1.0,29,1.0,1.0,0.27586206896551724
24068,538,1.0,41,1.0,1.0,0.0
24098,539,1.0,30,1.0,1.0,0.0
24126,540,1.0,28,1.0,1.0,0.25
24157,541,1.0,31,1.0,1.0,0.25806451612903225
24190,542,1.0,33,1.0,1.0,0.0
24224,543,1.0,34,1.0,1.0,0.0
24257,544,1.0,33,1.0,1.0,0.24242424242424243
24287,545,1.0,30,1.0,1.0,0.26666666666666666
24318,546,1.0,31,1.0,1.0,0.22580645161290322
24355,547,1.0,37,1.0,1.0,0.0
24385,548,1.0,30,1.0,1.0,0.43333333333333335
24413,549,1.0,28,1.0,1.0,0.0
24443,550,1.0,30,1.0,1.0,0.26666666666666666
24480,551,1.0,37,1.0,1.0,0.21621621621621623
24511,552,1.0,31,1.0,1.0,0.0
24541,553,1.0,30,1.0,1.0,0.26666666666666666
24578,554,1.0,37,0.0,1.0,0.0
24605,555,1.0,27,1.0,1.0,0.0
24636,556,1.0,31,1.0,1.0,0.0
24667,557,1.0,31,1.0,1.0,0.0
24703,558,1.0,36,1.0,1.0,0.2222222222222222
24734,559,1.0,31,1.0,1.0,0.25806451612903225
24763,560,1.0,29,1.0,1.0,0.27586206896551724
24795,561,1.0,32,1.0,1.0,0.1875
24826,562,1.0,31,1.0,1.0,0.25806451612903225
24861,563,1.0,35,1.0,1.0,0.22857142857142856
24893,564,1.0,32,1.0,1.0,0.0
24923,565,1.0,30,1.0,1.0,0.26666666666666666
24952,566,1.0,29,1.0,1.0,0.27586206896551724
24982,567,1.0,30,1.0,1.0,0.0
25014,568,1.0,32,1.0,1.0,0.25
25047,569,1.0,33,1.0,1.0,0.0
25078,570,1.0,31,1.0,1.0,0.25806451612903225
25106,571,1.0,28,1.0,1.0,0.25
25142,572,1.0,36,1.0,1.0,0.2222222222222222
25170,573,1.0,28,1.0,1.0,0.2857142857142857
25200,574,1.0,30,1.0,1.0,0.0
25234,575,1.0,34,1.0,1.0,0.23529411764705882
25273,576,1.0,39,1.0,1.0,0.20512820512820512
25308,577,1.0,35,1.0,1.0,0.11428571428571428
25339,578,1.0,31,1.0,1.0,0.0
25369,579,1.0,30,1.0,1.0,0.0
25399,580,1.0,30,1.0,1.0,0.0
25432,581,1.0,33,1.0,1.0,0.48484848484848486
25473,582,1.0,41,1.0,1.0,0.1951219512195122
25506,583,1.0,33,1.0,1.0,0.0
25537,584,1.0,31,1.0,1.0,0.3225806451612903
25567,585,1.0,30,1.0,1.0,0.2
25596,586,1.0,29,1.0,1.0,0.5517241379310345
25626,587,1.0,30,1.0,1.0,0.0
25656,588,1.0,30,1.0,1.0,0.0
25690,589,1.0,34,1.0,1.0,0.0
25720,590,1.0,30,1.0,1.0,0.0
25750,591,1.0,30,1.0,1.0,0.0
25785,592,1.0,35,1.0,1.0,0.0
25821,593,1.0,36,1.0,1.0,0.0
25853,594,1.0,32,1.0,1.0,0.0
25884,595,1.0,31,1.0,1.0,0.25806451612903225
25919,596,1.0,35,1.0,1.0,0.0
25956,597,1.0,37,1.0,1.0,0.0
25987,598,1.0,31,0.0,1.0,0.0
26019,599,1.0,32,1.0,1.0,0.25
26048,600,1.0,29,1.0,1.0,0.0
26080,601,1.0,32,1.0,1.0,0.0
26111,602,1.0,31,1.0,1.0,0.0
26145,603,1.0,34,1.0,1.0,0.23529411764705882
26180,604,1.0,35,1.0,1.0,0.45714285714285713
26213,605,1.0,33,1.0,1.0,0.30303030303030304
26248,606,1.0,35,1.0,1.0,0.22857142857142856
26279,607,1.0,31,1.0,1.0,0.0
26307,608,1.0,28,1.0,1.0,0.2857142857142857
26339,609,1.0,32,1.0,1.0,0.25
26368,610,1.0,29,1.0,1.0,0.0
26407,611,1.0,39,1.0,1.0,0.07692307692307693
26435,612,1.0,28,1.0,1.0,0.0
26467,613,1.0,32,1.0,1.0,0.0
26496,614,1.0,29,1.0,1.0,0.0
26526,615,1.0,30,1.0,1.0,0.5333333333333333
26560,616,1.0,34,1.0,1.0,0.14705882352941177
26591,617,1.0,31,1.0,1.0,0.0
26623,618,1.0,32,1.0,1.0,0.25
26653,619,1.0,30,1.0,1.0,0.0
26685,620,1.0,32,1.0,1.0,0.25
26725,621,1.0,40,1.0,1.0,0.425
26760,622,1.0,35,1.0,1.0,0.0
26792,623,1.0,32,1.0,1.0,0.0
26822,624,1.0,30,1.0,1.0,0.26666666666666666
26851,625,1.0,29,1.0,1.0,0.0
26888,626,1.0,37,1.0,1.0,0.13513513513513514
26918,627,1.0,30,1.0,1.0,0.26666666666666666
26951,628,1.0,33,1.0,1.0,0.0
26981,629,1.0,30,1.0,1.0,0.0
27011,630,1.0,30,1.0,1.0,0.26666666666666666
27039,631,1.0,28,1.0,1.0,0.5714285714285714
27068,632,1.0,29,1.0,1.0,0.0
27101,633,1.0,33,1.0,1.0,0.3333333333333333
27137,634,1.0,36,0.0,1.0,0.0
27165,635,1.0,28,1.0,1.0,0.0
27193,636,1.0,28,1.0,1.0,0.0
27226,637,1.0,33,1.0,1.0,0.0
27257,638,1.0,31,1.0,1.0,0.0
27287,639,1.0,30,1.0,1.0,0.0
27320,640,1.0,33,1.0,1.0,0.0
27350,641,1.0,30,1.0,1.0,0.0
27377,642,1.0,27,1.0,1.0,0.2962962962962963
27406,643,1.0,29,1.0,1.0,0.0
27446,644,1.0,40,1.0,1.0,0.2
27478,645,1.0,32,1.0,1.0,0.5625
27507,646,1.0,29,1.0,1.0,0.1724137931034483
27542,647,1.0,35,1.0,1.0,0.0
27577,648,1.0,35,1.0,1.0,0.3142857142857143
27624,649,1.0,47,1.0,1.0,0.1702127659574468
27663,650,1.0,39,1.0,1.0,0.20512820512820512
27694,651,1.0,31,1.0,1.0,0.0
27728,652,1.0,34,1.0,1.0,0.0
27756,653,1.0,28,0.0,1.0,0.2857142857142857
27787,654,1.0,31,1.0,1.0,0.25806451612903225
27817,655,1.0,30,1.0,1.0,0.23333333333333334
27846,656,1.0,29,1.0,1.0,0.27586206896551724
27876,657,1.0,30,1.0,1.0,0.26666666666666666
27910,658,1.0,34,1.0,1.0,0.23529411764705882
27940,659,1.0,30,1.0,1.0,0.0
27975,660,1.0,35,1.0,1.0,0.22857142857142856
28010,661,1.0,35,1.0,1.0,0.2857142857142857
28041,662,1.0,31,1.0,1.0,0.0
28070,663,1.0,29,1.0,1.0,0.27586206896551724
28101,664,1.0,31,0.0,1.0,0.25806451612903225
28132,665,1.0,31,1.0,1.0,0.0
28163,666,1.0,31,1.0,1.0,0.06451612903225806
28191,667,1.0,28,1.0,1.0,0.0
28222,668,1.0,31,1.0,1.0,0.5161290322580645
28252,669,1.0,30,1.0,1.0,0.0
28282,670,1.0,30,1.0,1.0,0.0
28312,671,1.0,30,1.0,1.0,0.0
28341,672,1.0,29,1.0,1.0,0.27586206896551724
28374,673,1.0,33,1.0,1.0,0.3333333333333333
28405,674,1.0,31,1.0,1.0,0.25806451612903225
28436,675,1.0,31,1.0,1.0,0.5161290322580645
28465,676,1.0,29,1.0,1.0,0.0
28497,677,1.0,32,1.0,1.0,0.0
28529,678,1.0,32,1.0,1.0,0.25
28558,679,1.0,29,1.0,1.0,0.034482758620689655
28586,680,1.0,28,1.0,1.0,0.0
28620,681,1.0,34,0.0,1.0,0.23529411764705882
28656,682,1.0,36,1.0,1.0,0.2222222222222222
28692,683,1.0,36,1.0,1.0,0.0
28723,684,1.0,31,1.0,1.0,0.25806451612903225
28757,685,1.0,34,1.0,1.0,0.0
28786,686,1.0,29,1.0,1.0,0.27586206896551724
28816,687,1.0,30,1.0,1.0,0.0
28849,688,1.0,33,1.0,1.0,0.48484848484848486
28879,689,1.0,30,1.0,1.0,0.26666666666666666
28910,690,1.0,31,1.0,1.0,0.0
28941,691,1.0,31,1.0,1.0,0.0
28973,692,1.0,32,1.0,1.0,0.25
29002,693,1.0,29,1.0,1.0,0.27586206896551724
29034,694,1.0,32,1.0,1.0,0.1875
29067,695,1.0,33,1.0,1.0,0.0
29095,696,1.0,28,1.0,1.0,0.2857142857142857
29126,697,1.0,31,1.0,1.0,0.25806451612903225
29157,698,1.0,31,1.0,1.0,0.41935483870967744
29197,699,1.0,40,1.0,1.0,0.0
29227,700,1.0,30,1.0,1.0,0.0
29258,701,1.0,31,1.0,1.0,0.3870967741935484
29290,702,1.0,32,1.0,1.0,0.0
29326,703,1.0,36,1.0,1.0,0.4444444444444444
29354,704,1.0,28,1.0,1.0,0.5357142857142857
29383,705,1.0,29,1.0,1.0,0.0
29413,706,1.0,30,0.0,1.0,0.0
29443,707,1.0,30,1.0,1.0,0.0
29473,708,1.0,30,1.0,1.0,0.0
29506,709,1.0,33,1.0,1.0,0.24242424242424243
29534,710,1.0,28,1.0,1.0,0.0
29562,711,1.0,28,1.0,1.0,0.0
29595,712,1.0,33,1.0,1.0,0.030303030303030304
29632,713,1.0,37,1.0,1.0,0.21621621621621623
29666,714,1.0,34,1.0,1.0,0.0
29696,715,1.0,30,1.0,1.0,0.06666666666666667
29726,716,1.0,30,1.0,1.0,0.26666666666666666
29755,717,1.0,29,1.0,1.0,0.0
29785,718,1.0,30,1.0,1.0,0.13333333333333333
29812,719,1.0,27,0.0,1.0,0.0
29839,720,1.0,27,1.0,1.0,0.0
29871,721,1.0,32,1.0,1.0,0.0
29901,722,1.0,30,1.0,1.0,0.0
29932,723,1.0,31,1.0,1.0,0.5161290322580645
29968,724,1.0,36,1.0,1.0,0.2222222222222222
29997,725,1.0,29,1.0,1.0,0.13793103448275862
